config_id,matrix_size,kernel_size,stride_h,stride_w,mode,threads,procs,time_seconds,speedup
0,100,3,1,1,seq,1,1,0.000448,1.0
0,100,3,1,1,omp,1,1,0.000311,1.4405
0,100,3,1,1,omp,2,1,0.000312,1.4358
0,100,3,1,1,omp,4,1,0.000276,1.6231
0,100,3,1,1,omp,8,1,0.000309,1.4498
0,100,3,1,1,omp,16,1,0.000309,1.4498
0,100,3,1,1,omp,32,1,0.000399,1.1228
0,100,3,1,1,mpi,1,1,0.000496,.9032
0,100,3,1,1,mpi,1,2,0.000297,1.5084
0,100,3,1,1,mpi,1,4,0.000243,1.8436
0,100,3,1,1,mpi,1,8,0.000138,3.2463
0,100,3,1,1,mpi,1,16,0.000452,.9911
0,100,3,1,1,mpi,1,32,0.000566,.7915
0,100,3,1,1,hybrid,4,2,0.000265,1.6905
0,100,3,1,1,hybrid,2,4,0.000242,1.8512
0,100,3,1,1,hybrid,4,4,0.000202,2.2178
0,100,3,1,1,hybrid,4,8,0.000124,3.6129
0,100,3,1,1,hybrid,8,4,0.000207,2.1642
0,100,3,1,1,hybrid,8,8,0.000120,3.7333
0,100,3,1,1,hybrid,8,16,0.000457,.9803
0,100,3,1,1,hybrid,16,8,0.000127,3.5275
0,100,3,1,1,hybrid,16,16,0.000457,.9803
0,100,3,1,1,hybrid,32,32,0.000580,.7724
1,500,3,1,1,seq,1,1,0.011255,1.0
1,500,3,1,1,omp,1,1,0.003247,3.4662
1,500,3,1,1,omp,2,1,0.003176,3.5437
1,500,3,1,1,omp,4,1,0.003372,3.3377
1,500,3,1,1,omp,8,1,0.003446,3.2661
1,500,3,1,1,omp,16,1,0.003325,3.3849
1,500,3,1,1,omp,32,1,0.003235,3.4791
1,500,3,1,1,mpi,1,1,0.012602,.8931
1,500,3,1,1,mpi,1,2,0.006785,1.6588
1,500,3,1,1,mpi,1,4,0.004148,2.7133
1,500,3,1,1,mpi,1,8,0.002861,3.9339
1,500,3,1,1,mpi,1,16,0.002774,4.0573
1,500,3,1,1,mpi,1,32,0.002687,4.1886
1,500,3,1,1,hybrid,4,2,0.004378,2.5708
1,500,3,1,1,hybrid,2,4,0.002913,3.8637
1,500,3,1,1,hybrid,4,4,0.003001,3.7504
1,500,3,1,1,hybrid,4,8,0.002030,5.5443
1,500,3,1,1,hybrid,8,4,0.002950,3.8152
1,500,3,1,1,hybrid,8,8,0.002052,5.4848
1,500,3,1,1,hybrid,8,16,0.002082,5.4058
1,500,3,1,1,hybrid,16,8,0.002000,5.6275
1,500,3,1,1,hybrid,16,16,0.001960,5.7423
1,500,3,1,1,hybrid,32,32,0.002049,5.4929
2,1000,3,1,1,seq,1,1,0.045105,1.0
2,1000,3,1,1,omp,1,1,0.012066,3.7381
2,1000,3,1,1,omp,2,1,0.011958,3.7719
2,1000,3,1,1,omp,4,1,0.011724,3.8472
2,1000,3,1,1,omp,8,1,0.011936,3.7789
2,1000,3,1,1,omp,16,1,0.011766,3.8335
2,1000,3,1,1,omp,32,1,0.011885,3.7951
2,1000,3,1,1,mpi,1,1,0.046039,.9797
2,1000,3,1,1,mpi,1,2,0.026109,1.7275
2,1000,3,1,1,mpi,1,4,0.016126,2.7970
2,1000,3,1,1,mpi,1,8,0.010178,4.4316
2,1000,3,1,1,mpi,1,16,0.007844,5.7502
2,1000,3,1,1,mpi,1,32,0.007184,6.2785
2,1000,3,1,1,hybrid,4,2,0.017861,2.5253
2,1000,3,1,1,hybrid,2,4,0.010791,4.1798
2,1000,3,1,1,hybrid,4,4,0.011085,4.0690
2,1000,3,1,1,hybrid,4,8,0.007794,5.7871
2,1000,3,1,1,hybrid,8,4,0.011357,3.9715
2,1000,3,1,1,hybrid,8,8,0.007759,5.8132
2,1000,3,1,1,hybrid,8,16,0.006338,7.1165
2,1000,3,1,1,hybrid,16,8,0.007787,5.7923
2,1000,3,1,1,hybrid,16,16,0.006278,7.1846
2,1000,3,1,1,hybrid,32,32,0.005584,8.0775
3,5000,3,1,1,seq,1,1,1.091988,1.0
3,5000,3,1,1,omp,1,1,0.273811,3.9881
3,5000,3,1,1,omp,2,1,0.272664,4.0048
3,5000,3,1,1,omp,4,1,0.272213,4.0115
3,5000,3,1,1,omp,8,1,0.272692,4.0044
3,5000,3,1,1,omp,16,1,0.272245,4.0110
3,5000,3,1,1,omp,32,1,0.272725,4.0039
3,5000,3,1,1,mpi,1,1,1.115913,.9785
3,5000,3,1,1,mpi,1,2,0.609546,1.7914
3,5000,3,1,1,mpi,1,4,0.345357,3.1619
3,5000,3,1,1,mpi,1,8,0.216939,5.0336
3,5000,3,1,1,mpi,1,16,0.153315,7.1225
3,5000,3,1,1,mpi,1,32,0.133442,8.1832
3,5000,3,1,1,hybrid,4,2,0.408088,2.6758
3,5000,3,1,1,hybrid,2,4,0.242318,4.5064
3,5000,3,1,1,hybrid,4,4,0.241643,4.5190
3,5000,3,1,1,hybrid,4,8,0.185048,5.9011
3,5000,3,1,1,hybrid,8,4,0.248439,4.3953
3,5000,3,1,1,hybrid,8,8,0.183901,5.9379
3,5000,3,1,1,hybrid,8,16,0.135687,8.0478
3,5000,3,1,1,hybrid,16,8,0.184087,5.9319
3,5000,3,1,1,hybrid,16,16,0.135489,8.0596
3,5000,3,1,1,hybrid,32,32,0.117181,9.3188
4,10000,3,1,1,seq,1,1,4.352423,1.0
4,10000,3,1,1,omp,1,1,1.087919,4.0006
4,10000,3,1,1,omp,2,1,1.087672,4.0015
4,10000,3,1,1,omp,4,1,1.090898,3.9897
4,10000,3,1,1,omp,8,1,1.088780,3.9975
4,10000,3,1,1,omp,16,1,1.090793,3.9901
4,10000,3,1,1,omp,32,1,1.090821,3.9900
4,10000,3,1,1,mpi,1,1,4.456482,.9766
4,10000,3,1,1,mpi,1,2,2.414084,1.8029
4,10000,3,1,1,mpi,1,4,1.378090,3.1583
4,10000,3,1,1,mpi,1,8,0.871334,4.9951
4,10000,3,1,1,mpi,1,16,0.615820,7.0676
4,10000,3,1,1,mpi,1,32,0.529332,8.2224
4,10000,3,1,1,hybrid,4,2,1.642054,2.6505
4,10000,3,1,1,hybrid,2,4,0.950069,4.5811
4,10000,3,1,1,hybrid,4,4,0.953056,4.5668
4,10000,3,1,1,hybrid,4,8,0.720926,6.0372
4,10000,3,1,1,hybrid,8,4,0.947973,4.5912
4,10000,3,1,1,hybrid,8,8,0.719127,6.0523
4,10000,3,1,1,hybrid,8,16,0.532930,8.1669
4,10000,3,1,1,hybrid,16,8,0.717313,6.0676
4,10000,3,1,1,hybrid,16,16,0.534417,8.1442
4,10000,3,1,1,hybrid,32,32,0.453211,9.6035
5,20000,3,1,1,seq,1,1,17.469978,1.0
5,20000,3,1,1,omp,1,1,4.358649,4.0081
5,20000,3,1,1,omp,2,1,4.379189,3.9893
5,20000,3,1,1,omp,4,1,4.366819,4.0006
5,20000,3,1,1,omp,8,1,4.359192,4.0076
5,20000,3,1,1,omp,16,1,4.361413,4.0055
5,20000,3,1,1,omp,32,1,4.366399,4.0010
5,20000,3,1,1,mpi,1,1,17.832753,.9796
5,20000,3,1,1,mpi,1,2,9.633552,1.8134
5,20000,3,1,1,mpi,1,4,5.525655,3.1616
5,20000,3,1,1,mpi,1,8,3.432553,5.0894
5,20000,3,1,1,mpi,1,16,2.419262,7.2212
5,20000,3,1,1,mpi,1,32,2.103300,8.3059
5,20000,3,1,1,hybrid,4,2,6.597186,2.6480
5,20000,3,1,1,hybrid,2,4,3.924375,4.4516
5,20000,3,1,1,hybrid,4,4,3.921169,4.4552
5,20000,3,1,1,hybrid,4,8,2.677950,6.5236
5,20000,3,1,1,hybrid,8,4,3.895007,4.4852
5,20000,3,1,1,hybrid,8,8,2.671599,6.5391
5,20000,3,1,1,hybrid,8,16,2.034346,8.5875
5,20000,3,1,1,hybrid,16,8,2.674157,6.5328
5,20000,3,1,1,hybrid,16,16,2.029064,8.6098
5,20000,3,1,1,hybrid,32,32,1.787909,9.7711
