matrix_size,mode,threads_or_processes,run,time_seconds,speedup,efficiency_percent
100,seq,1,1,0.000455,1.0,100.0
100,seq,1,2,0.000455,1.0,100.0
100,seq,1,3,0.000451,1.0,100.0
100,omp,2,1,0.000346,1.3092,65.00
100,omp,2,2,0.000337,1.3442,67.00
100,omp,2,3,0.000303,1.4950,74.00
100,omp,4,1,0.000293,1.5460,38.00
100,omp,4,2,0.000282,1.6063,40.00
100,omp,4,3,0.000280,1.6178,40.00
100,omp,8,1,0.000351,1.2905,16.00
100,omp,8,2,0.000353,1.2832,16.00
100,omp,8,3,0.000400,1.1325,14.00
100,omp,16,1,0.001079,.4198,2.00
100,omp,16,2,0.000868,.5218,3.00
100,omp,16,3,0.000806,.5620,3.00
100,omp,32,1,0.001205,.3759,1.00
100,omp,32,2,0.001234,.3670,1.00
100,omp,32,3,0.001238,.3659,1.00
100,omp,64,1,0.002488,.1820,0
100,omp,64,2,0.002494,.1816,0
100,omp,64,3,0.002535,.1786,0
100,mpi,2,1,0.000295,1.5355,76.00
100,mpi,2,2,0.000300,1.5100,75.00
100,mpi,2,3,0.000294,1.5408,77.00
100,mpi,4,1,0.000181,2.5027,62.00
100,mpi,4,2,0.000179,2.5307,63.00
100,mpi,4,3,0.000179,2.5307,63.00
100,mpi,8,1,0.000174,2.6034,32.00
100,mpi,8,2,0.000179,2.5307,31.00
100,mpi,8,3,0.000174,2.6034,32.00
100,mpi,16,1,0.000192,2.3593,14.00
100,mpi,16,2,0.000188,2.4095,15.00
100,mpi,16,3,0.000181,2.5027,15.00
100,mpi,32,1,0.000218,2.0779,6.00
100,mpi,32,2,0.000218,2.0779,6.00
100,mpi,32,3,0.000216,2.0972,6.00
100,mpi,64,1,0.000149,3.0402,4.00
100,mpi,64,2,0.000150,3.0200,4.00
100,mpi,64,3,0.000151,3.0000,4.00
100,hybrid,4,1,0.000493,.9188,22.00
100,hybrid,4,2,0.000492,.9207,23.00
100,hybrid,4,3,0.000485,.9340,23.00
100,hybrid,8,1,0.000365,1.2410,15.00
100,hybrid,8,2,0.000334,1.3562,16.00
100,hybrid,8,3,0.000349,1.2979,16.00
100,hybrid,16,1,0.000328,1.3810,8.00
100,hybrid,16,2,0.000329,1.3768,8.00
100,hybrid,16,3,0.000335,1.3522,8.00
100,hybrid,32,1,0.000310,1.4612,4.00
100,hybrid,32,2,0.000326,1.3895,4.00
100,hybrid,32,3,0.000309,1.4660,4.00
100,hybrid,64,1,0.000349,1.2979,2.00
100,hybrid,64,2,0.000352,1.2869,2.00
100,hybrid,64,3,0.000346,1.3092,2.00
100,hybrid,8,1,0.000527,.8595,10.00
100,hybrid,8,2,0.000468,.9679,12.00
100,hybrid,8,3,0.000480,.9437,11.00
100,hybrid,16,1,0.000386,1.1735,7.00
100,hybrid,16,2,0.000406,1.1157,6.00
100,hybrid,16,3,0.011649,.0388,0
100,hybrid,32,1,0.000379,1.1952,3.00
100,hybrid,32,2,0.000392,1.1556,3.00
100,hybrid,32,3,0.000395,1.1468,3.00
100,hybrid,64,1,0.001036,.4372,0
100,hybrid,64,2,0.000398,1.1381,1.00
100,hybrid,64,3,0.000392,1.1556,1.00
500,seq,1,1,0.011303,1.0,100.0
500,seq,1,2,0.011518,1.0,100.0
500,seq,1,3,0.011283,1.0,100.0
500,omp,2,1,0.006016,1.8896,94.00
500,omp,2,2,0.005829,1.9502,97.00
500,omp,2,3,0.005763,1.9725,98.00
500,omp,4,1,0.003329,3.4148,85.00
500,omp,4,2,0.003322,3.4220,85.00
500,omp,4,3,0.003070,3.7029,92.00
500,omp,8,1,0.001855,6.1283,76.00
500,omp,8,2,0.002005,5.6698,70.00
500,omp,8,3,0.002037,5.5807,69.00
500,omp,16,1,0.001720,6.6093,41.00
500,omp,16,2,0.001791,6.3472,39.00
500,omp,16,3,0.001792,6.3437,39.00
500,omp,32,1,0.001797,6.3260,19.00
500,omp,32,2,0.001739,6.5370,20.00
500,omp,32,3,0.001834,6.1984,19.00
500,omp,64,1,0.002926,3.8851,6.00
500,omp,64,2,0.002850,3.9887,6.00
500,omp,64,3,0.002923,3.8891,6.00
500,mpi,2,1,0.006209,1.8308,91.00
500,mpi,2,2,0.006235,1.8232,91.00
500,mpi,2,3,0.006202,1.8329,91.00
500,mpi,4,1,0.003384,3.3593,83.00
500,mpi,4,2,0.003369,3.3742,84.00
500,mpi,4,3,0.003364,3.3793,84.00
500,mpi,8,1,0.002143,5.3047,66.00
500,mpi,8,2,0.002226,5.1069,63.00
500,mpi,8,3,0.002134,5.3270,66.00
500,mpi,16,1,0.001625,6.9956,43.00
500,mpi,16,2,0.001611,7.0564,44.00
500,mpi,16,3,0.001617,7.0303,43.00
500,mpi,32,1,0.001553,7.3200,22.00
500,mpi,32,2,0.001556,7.3059,22.00
500,mpi,32,3,0.001551,7.3294,22.00
500,mpi,64,1,0.001479,7.6862,12.00
500,mpi,64,2,0.001452,7.8292,12.00
500,mpi,64,3,0.001600,7.1050,11.00
500,hybrid,4,1,0.007053,1.6117,40.00
500,hybrid,4,2,0.007061,1.6099,40.00
500,hybrid,4,3,0.007044,1.6138,40.00
500,hybrid,8,1,0.004072,2.7917,34.00
500,hybrid,8,2,0.003902,2.9133,36.00
500,hybrid,8,3,0.003863,2.9427,36.00
500,hybrid,16,1,0.002438,4.6628,29.00
500,hybrid,16,2,0.002576,4.4130,27.00
500,hybrid,16,3,0.002428,4.6820,29.00
500,hybrid,32,1,0.001907,5.9611,18.00
500,hybrid,32,2,0.001884,6.0339,18.00
500,hybrid,32,3,0.001863,6.1019,19.00
500,hybrid,64,1,0.001750,6.4960,10.00
500,hybrid,64,2,0.001762,6.4517,10.00
500,hybrid,64,3,0.001732,6.5635,10.00
500,hybrid,8,1,0.004688,2.4249,30.00
500,hybrid,8,2,0.005142,2.2108,27.00
500,hybrid,8,3,0.004746,2.3952,29.00
500,hybrid,16,1,0.003036,3.7444,23.00
500,hybrid,16,2,0.002815,4.0383,25.00
500,hybrid,16,3,0.003101,3.6659,22.00
500,hybrid,32,1,0.002175,5.2266,16.00
500,hybrid,32,2,0.002075,5.4785,17.00
500,hybrid,32,3,0.002148,5.2923,16.00
500,hybrid,64,1,0.001802,6.3085,9.00
500,hybrid,64,2,0.002115,5.3749,8.00
500,hybrid,64,3,0.001676,6.7828,10.00
1000,seq,1,1,0.044783,1.0,100.0
1000,seq,1,2,0.045571,1.0,100.0
1000,seq,1,3,0.044366,1.0,100.0
1000,omp,2,1,0.022080,2.0337,101.00
1000,omp,2,2,0.022052,2.0363,101.00
1000,omp,2,3,0.022092,2.0326,101.00
1000,omp,4,1,0.011737,3.8260,95.00
1000,omp,4,2,0.011742,3.8243,95.00
1000,omp,4,3,0.011919,3.7675,94.00
1000,omp,8,1,0.006945,6.4659,80.00
1000,omp,8,2,0.006269,7.1631,89.00
1000,omp,8,3,0.006390,7.0275,87.00
1000,omp,16,1,0.004634,9.6905,60.00
1000,omp,16,2,0.004370,10.2759,64.00
1000,omp,16,3,0.004266,10.5264,65.00
1000,omp,32,1,0.003554,12.6353,39.00
1000,omp,32,2,0.003171,14.1614,44.00
1000,omp,32,3,0.003520,12.7573,39.00
1000,omp,64,1,0.004715,9.5240,14.00
1000,omp,64,2,0.004085,10.9929,17.00
1000,omp,64,3,0.004217,10.6488,16.00
1000,mpi,2,1,0.024188,1.8565,92.00
1000,mpi,2,2,0.024170,1.8579,92.00
1000,mpi,2,3,0.024051,1.8671,93.00
1000,mpi,4,1,0.012872,3.4886,87.00
1000,mpi,4,2,0.012591,3.5665,89.00
1000,mpi,4,3,0.012716,3.5314,88.00
1000,mpi,8,1,0.007451,6.0268,75.00
1000,mpi,8,2,0.007432,6.0422,75.00
1000,mpi,8,3,0.007458,6.0211,75.00
1000,mpi,16,1,0.004978,9.0208,56.00
1000,mpi,16,2,0.004839,9.2800,58.00
1000,mpi,16,3,0.004972,9.0317,56.00
1000,mpi,32,1,0.003850,11.6638,36.00
1000,mpi,32,2,0.003756,11.9558,37.00
1000,mpi,32,3,0.003791,11.8454,37.00
1000,mpi,64,1,0.004238,10.5960,16.00
1000,mpi,64,2,0.004228,10.6210,16.00
1000,mpi,64,3,0.004015,11.1845,17.00
1000,hybrid,4,1,0.026820,1.6743,41.00
1000,hybrid,4,2,0.026759,1.6781,41.00
1000,hybrid,4,3,0.026914,1.6684,41.00
1000,hybrid,8,1,0.014198,3.1628,39.00
1000,hybrid,8,2,0.014133,3.1773,39.00
1000,hybrid,8,3,0.014118,3.1807,39.00
1000,hybrid,16,1,0.008142,5.5153,34.00
1000,hybrid,16,2,0.008235,5.4530,34.00
1000,hybrid,16,3,0.008326,5.3934,33.00
1000,hybrid,32,1,0.005706,7.8699,24.00
1000,hybrid,32,2,0.005354,8.3873,26.00
1000,hybrid,32,3,0.005487,8.1840,25.00
1000,hybrid,64,1,0.004168,10.7739,16.00
1000,hybrid,64,2,0.004222,10.6361,16.00
1000,hybrid,64,3,0.004245,10.5785,16.00
1000,hybrid,8,1,0.016919,2.6541,33.00
1000,hybrid,8,2,0.016962,2.6474,33.00
1000,hybrid,8,3,0.016973,2.6457,33.00
1000,hybrid,16,1,0.009298,4.8296,30.00
1000,hybrid,16,2,0.009267,4.8457,30.00
1000,hybrid,16,3,0.009352,4.8017,30.00
1000,hybrid,32,1,0.005991,7.4955,23.00
1000,hybrid,32,2,0.006065,7.4041,23.00
1000,hybrid,32,3,0.006057,7.4139,23.00
1000,hybrid,64,1,0.004516,9.9437,15.00
1000,hybrid,64,2,0.004622,9.7157,15.00
1000,hybrid,64,3,0.004588,9.7877,15.00
5000,seq,1,1,1.091545,1.0,100.0
5000,seq,1,2,1.093160,1.0,100.0
5000,seq,1,3,1.093563,1.0,100.0
5000,omp,2,1,0.540885,2.0203,101.00
5000,omp,2,2,0.541362,2.0185,100.00
5000,omp,2,3,0.542254,2.0152,100.00
5000,omp,4,1,0.270770,4.0357,100.00
5000,omp,4,2,0.271062,4.0313,100.00
5000,omp,4,3,0.271289,4.0280,100.00
5000,omp,8,1,0.140340,7.7864,97.00
5000,omp,8,2,0.136452,8.0083,100.00
5000,omp,8,3,0.136556,8.0022,100.00
5000,omp,16,1,0.077664,14.0703,87.00
5000,omp,16,2,0.077643,14.0741,87.00
5000,omp,16,3,0.077846,14.0374,87.00
5000,omp,32,1,0.040184,27.1938,84.00
5000,omp,32,2,0.040073,27.2691,85.00
5000,omp,32,3,0.040256,27.1451,84.00
5000,omp,64,1,0.025649,42.6042,66.00
5000,omp,64,2,0.025978,42.0646,65.00
5000,omp,64,3,0.025793,42.3663,66.00
5000,mpi,2,1,0.566128,1.9302,96.00
5000,mpi,2,2,0.565553,1.9321,96.00
5000,mpi,2,3,0.564388,1.9361,96.00
5000,mpi,4,1,0.290743,3.7584,93.00
5000,mpi,4,2,0.290874,3.7568,93.00
5000,mpi,4,3,0.290335,3.7637,94.00
5000,mpi,8,1,0.163207,6.6955,83.00
5000,mpi,8,2,0.163271,6.6928,83.00
5000,mpi,8,3,0.162927,6.7070,83.00
5000,mpi,16,1,0.098278,11.1190,69.00
5000,mpi,16,2,0.098079,11.1415,69.00
5000,mpi,16,3,0.098165,11.1318,69.00
5000,mpi,32,1,0.066492,16.4343,51.00
5000,mpi,32,2,0.066053,16.5436,51.00
5000,mpi,32,3,0.066490,16.4348,51.00
5000,mpi,64,1,0.048362,22.5953,35.00
5000,mpi,64,2,0.051099,21.3850,33.00
5000,mpi,64,3,0.047475,23.0175,35.00
5000,hybrid,4,1,0.629572,1.7357,43.00
5000,hybrid,4,2,0.629566,1.7357,43.00
5000,hybrid,4,3,0.629568,1.7357,43.00
5000,hybrid,8,1,0.325308,3.3591,41.00
5000,hybrid,8,2,0.323610,3.3767,42.00
5000,hybrid,8,3,0.323807,3.3747,42.00
5000,hybrid,16,1,0.178401,6.1252,38.00
5000,hybrid,16,2,0.177956,6.1405,38.00
5000,hybrid,16,3,0.178363,6.1265,38.00
5000,hybrid,32,1,0.106841,10.2278,31.00
5000,hybrid,32,2,0.106284,10.2814,32.00
5000,hybrid,32,3,0.109215,10.0055,31.00
5000,hybrid,64,1,0.071631,15.2553,23.00
5000,hybrid,64,2,0.071399,15.3049,23.00
5000,hybrid,64,3,0.070096,15.5894,24.00
5000,hybrid,8,1,0.377519,2.8945,36.00
5000,hybrid,8,2,0.373681,2.9243,36.00
5000,hybrid,8,3,0.374496,2.9179,36.00
5000,hybrid,16,1,0.195503,5.5894,34.00
5000,hybrid,16,2,0.195969,5.5761,34.00
5000,hybrid,16,3,0.195916,5.5776,34.00
5000,hybrid,32,1,0.118213,9.2439,28.00
5000,hybrid,32,2,0.121939,8.9614,28.00
5000,hybrid,32,3,0.118546,9.2179,28.00
5000,hybrid,64,1,0.076543,14.2763,22.00
5000,hybrid,64,2,0.081576,13.3955,20.00
5000,hybrid,64,3,0.076935,14.2036,22.00
10000,seq,1,1,4.367316,1.0,100.0
10000,seq,1,2,4.372174,1.0,100.0
10000,seq,1,3,4.371317,1.0,100.0
10000,omp,2,1,2.164488,2.0190,100.00
10000,omp,2,2,2.162809,2.0206,101.00
10000,omp,2,3,2.170434,2.0135,100.00
10000,omp,4,1,1.085444,4.0262,100.00
10000,omp,4,2,1.081165,4.0421,101.00
10000,omp,4,3,1.086021,4.0241,100.00
10000,omp,8,1,0.545241,8.0152,100.00
10000,omp,8,2,0.552839,7.9051,98.00
10000,omp,8,3,0.551964,7.9176,98.00
10000,omp,16,1,0.304598,14.3476,89.00
10000,omp,16,2,0.304845,14.3360,89.00
10000,omp,16,3,0.304799,14.3381,89.00
10000,omp,32,1,0.153775,28.4198,88.00
10000,omp,32,2,0.153826,28.4104,88.00
10000,omp,32,3,0.154273,28.3281,88.00
10000,omp,64,1,0.088002,49.6610,77.00
10000,omp,64,2,0.089519,48.8194,76.00
10000,omp,64,3,0.088909,49.1544,76.00
10000,mpi,2,1,2.253759,1.9391,96.00
10000,mpi,2,2,2.256999,1.9363,96.00
10000,mpi,2,3,2.254512,1.9384,96.00
10000,mpi,4,1,1.162058,3.7608,94.00
10000,mpi,4,2,1.160540,3.7657,94.00
10000,mpi,4,3,1.159407,3.7694,94.00
10000,mpi,8,1,0.648049,6.7437,84.00
10000,mpi,8,2,0.649360,6.7301,84.00
10000,mpi,8,3,0.647125,6.7533,84.00
10000,mpi,16,1,0.391778,11.1549,69.00
10000,mpi,16,2,0.391239,11.1703,69.00
10000,mpi,16,3,0.392590,11.1318,69.00
10000,mpi,32,1,0.260416,16.7818,52.00
10000,mpi,32,2,0.263098,16.6108,51.00
10000,mpi,32,3,0.261623,16.7044,52.00
10000,mpi,64,1,0.190462,22.9456,35.00
10000,mpi,64,2,0.187050,23.3641,36.00
10000,mpi,64,3,0.191025,22.8779,35.00
10000,hybrid,4,1,2.511044,1.7404,43.00
10000,hybrid,4,2,2.508816,1.7419,43.00
10000,hybrid,4,3,2.510355,1.7408,43.00
10000,hybrid,8,1,1.287251,3.3950,42.00
10000,hybrid,8,2,1.285803,3.3988,42.00
10000,hybrid,8,3,1.287396,3.3946,42.00
10000,hybrid,16,1,0.702262,6.2231,38.00
10000,hybrid,16,2,0.706294,6.1876,38.00
10000,hybrid,16,3,0.706674,6.1842,38.00
10000,hybrid,32,1,0.415127,10.5275,32.00
10000,hybrid,32,2,0.415114,10.5278,32.00
10000,hybrid,32,3,0.415388,10.5209,32.00
10000,hybrid,64,1,0.275564,15.8593,24.00
10000,hybrid,64,2,0.283250,15.4290,24.00
10000,hybrid,64,3,0.273292,15.9912,24.00
10000,hybrid,8,1,1.489924,2.9332,36.00
10000,hybrid,8,2,1.489338,2.9343,36.00
10000,hybrid,8,3,1.490385,2.9323,36.00
10000,hybrid,16,1,0.778155,5.6161,35.00
10000,hybrid,16,2,0.777042,5.6242,35.00
10000,hybrid,16,3,0.777109,5.6237,35.00
10000,hybrid,32,1,0.466870,9.3607,29.00
10000,hybrid,32,2,0.467343,9.3513,29.00
10000,hybrid,32,3,0.468491,9.3283,29.00
10000,hybrid,64,1,0.301430,14.4984,22.00
10000,hybrid,64,2,0.295776,14.7756,23.00
10000,hybrid,64,3,0.294564,14.8363,23.00
50000,seq,1,1,,1.0,100.0
50000,seq,1,2,,1.0,100.0
50000,seq,1,3,,1.0,100.0
50000,omp,2,1,,,
50000,omp,2,2,,,
50000,omp,2,3,,,
50000,omp,4,1,,,
50000,omp,4,2,,,
50000,omp,4,3,,,
50000,omp,8,1,,,
50000,omp,8,2,,,
50000,omp,8,3,,,
50000,omp,16,1,,,
50000,omp,16,2,,,
50000,omp,16,3,,,
50000,omp,32,1,,,
50000,omp,32,2,,,
50000,omp,32,3,,,
50000,omp,64,1,,,
50000,omp,64,2,,,
50000,omp,64,3,,,
50000,mpi,2,1,,,
50000,mpi,2,2,,,
50000,mpi,2,3,,,
50000,mpi,4,1,,,
50000,mpi,4,2,,,
50000,mpi,4,3,,,
50000,mpi,8,1,,,
50000,mpi,8,2,,,
50000,mpi,8,3,,,
50000,mpi,16,1,,,
50000,mpi,16,2,,,
50000,mpi,16,3,,,
50000,mpi,32,1,,,
50000,mpi,32,2,,,
50000,mpi,32,3,,,
50000,mpi,64,1,,,
50000,mpi,64,2,,,
50000,mpi,64,3,,,
50000,hybrid,4,1,,,
50000,hybrid,4,2,,,
50000,hybrid,4,3,,,
50000,hybrid,8,1,,,
50000,hybrid,8,2,,,
50000,hybrid,8,3,,,
50000,hybrid,16,1,,,
50000,hybrid,16,2,,,
50000,hybrid,16,3,,,
50000,hybrid,32,1,,,
50000,hybrid,32,2,,,
50000,hybrid,32,3,,,
50000,hybrid,64,1,,,
50000,hybrid,64,2,,,
50000,hybrid,64,3,,,
50000,hybrid,8,1,,,
50000,hybrid,8,2,,,
50000,hybrid,8,3,,,
50000,hybrid,16,1,,,
50000,hybrid,16,2,,,
50000,hybrid,16,3,,,
50000,hybrid,32,1,,,
50000,hybrid,32,2,,,
50000,hybrid,32,3,,,
50000,hybrid,64,1,,,
50000,hybrid,64,2,,,
50000,hybrid,64,3,,,
100000,seq,1,1,,1.0,100.0
100000,seq,1,2,,1.0,100.0
100000,seq,1,3,,1.0,100.0
100000,omp,2,1,,,
100000,omp,2,2,,,
100000,omp,2,3,,,
100000,omp,4,1,,,
100000,omp,4,2,,,
100000,omp,4,3,,,
100000,omp,8,1,,,
100000,omp,8,2,,,
100000,omp,8,3,,,
100000,omp,16,1,,,
100000,omp,16,2,,,
100000,omp,16,3,,,
100000,omp,32,1,,,
100000,omp,32,2,,,
100000,omp,32,3,,,
100000,omp,64,1,,,
100000,omp,64,2,,,
100000,omp,64,3,,,
100000,mpi,2,1,,,
100000,mpi,2,2,,,
100000,mpi,2,3,,,
100000,mpi,4,1,,,
100000,mpi,4,2,,,
100000,mpi,4,3,,,
100000,mpi,8,1,,,
100000,mpi,8,2,,,
100000,mpi,8,3,,,
100000,mpi,16,1,,,
100000,mpi,16,2,,,
100000,mpi,16,3,,,
100000,mpi,32,1,,,
100000,mpi,32,2,,,
100000,mpi,32,3,,,
100000,mpi,64,1,,,
100000,mpi,64,2,,,
100000,mpi,64,3,,,
100000,hybrid,4,1,,,
100000,hybrid,4,2,,,
100000,hybrid,4,3,,,
100000,hybrid,8,1,,,
100000,hybrid,8,2,,,
100000,hybrid,8,3,,,
100000,hybrid,16,1,,,
100000,hybrid,16,2,,,
100000,hybrid,16,3,,,
100000,hybrid,32,1,,,
100000,hybrid,32,2,,,
100000,hybrid,32,3,,,
100000,hybrid,64,1,,,
100000,hybrid,64,2,,,
100000,hybrid,64,3,,,
100000,hybrid,8,1,,,
100000,hybrid,8,2,,,
100000,hybrid,8,3,,,
100000,hybrid,16,1,,,
100000,hybrid,16,2,,,
100000,hybrid,16,3,,,
100000,hybrid,32,1,,,
100000,hybrid,32,2,,,
100000,hybrid,32,3,,,
100000,hybrid,64,1,,,
100000,hybrid,64,2,,,
100000,hybrid,64,3,,,
500000,seq,1,1,,1.0,100.0
500000,seq,1,2,,1.0,100.0
500000,seq,1,3,,1.0,100.0
500000,omp,2,1,,,
500000,omp,2,2,,,
500000,omp,2,3,,,
500000,omp,4,1,,,
500000,omp,4,2,,,
500000,omp,4,3,,,
500000,omp,8,1,,,
500000,omp,8,2,,,
500000,omp,8,3,,,
500000,omp,16,1,,,
500000,omp,16,2,,,
500000,omp,16,3,,,
500000,omp,32,1,,,
500000,omp,32,2,,,
500000,omp,32,3,,,
500000,omp,64,1,,,
500000,omp,64,2,,,
500000,omp,64,3,,,
500000,mpi,2,1,,,
500000,mpi,2,2,,,
500000,mpi,2,3,,,
500000,mpi,4,1,,,
500000,mpi,4,2,,,
500000,mpi,4,3,,,
500000,mpi,8,1,,,
500000,mpi,8,2,,,
500000,mpi,8,3,,,
500000,mpi,16,1,,,
500000,mpi,16,2,,,
500000,mpi,16,3,,,
500000,mpi,32,1,,,
500000,mpi,32,2,,,
500000,mpi,32,3,,,
500000,mpi,64,1,,,
500000,mpi,64,2,,,
500000,mpi,64,3,,,
500000,hybrid,4,1,,,
500000,hybrid,4,2,,,
500000,hybrid,4,3,,,
500000,hybrid,8,1,,,
500000,hybrid,8,2,,,
500000,hybrid,8,3,,,
500000,hybrid,16,1,,,
500000,hybrid,16,2,,,
500000,hybrid,16,3,,,
500000,hybrid,32,1,,,
500000,hybrid,32,2,,,
500000,hybrid,32,3,,,
500000,hybrid,64,1,,,
500000,hybrid,64,2,,,
500000,hybrid,64,3,,,
500000,hybrid,8,1,,,
500000,hybrid,8,2,,,
500000,hybrid,8,3,,,
500000,hybrid,16,1,,,
500000,hybrid,16,2,,,
500000,hybrid,16,3,,,
500000,hybrid,32,1,,,
500000,hybrid,32,2,,,
500000,hybrid,32,3,,,
500000,hybrid,64,1,,,
500000,hybrid,64,2,,,
500000,hybrid,64,3,,,
